Plot_ID,Plant_ID,Species_CN,Area,Pla_Spo,Pot,Pub_Pri,Street
6,S05,大花六道木,0.15,P,N,Y,N
6,S06,宽苞十大功劳,0.25,P,N,Y,N
6,S08,宽苞十大功劳,0.25,P,N,Y,N
6,S09,宽苞十大功劳,0.12,P,N,Y,N
6,S10,宽苞十大功劳,0.4,P,N,Y,N
6,S13,宽苞十大功劳,0.09,P,N,Y,N
6,S07,珍珠绣线菊,0.81,P,N,Y,N
6,S15,珍珠绣线菊,0.3,P,N,Y,N
6,S11,冬绿金丝桃,0.24,P,N,Y,N
6,S12,大花六道木,0.8,P,N,Y,N
6,S14,日本黄杨,2.4,P,N,Y,N
6,S16,日本黄杨,0.9,P,N,Y,N
6,S01,平户杜鹃,0.45,P,N,Y,Y
6,S02,平户杜鹃,0.675,P,N,Y,Y
6,S03,平户杜鹃,1,P,N,Y,Y
6,S04,平户杜鹃,1,P,N,Y,Y
7,S05,丰花月季,0.04,P,Y,N,N
7,S04,薄荷,0.09,P,Y,N,N
7,S01,鹅掌柴,0.36,P,Y,N,N
7,S02,鹅掌柴,0.18,P,N,N,N
7,S03,山茶,0.49,P,N,N,N
15,S06,栀子,0.6,P,N,Y,N
15,S12,栀子,1,P,N,Y,N
15,S01,青木,5.76,P,N,Y,N
15,S07,青木,0.3,P,N,Y,N
15,S11,青木,1.8,P,N,Y,N
15,S13,山茶,0.7,P,N,Y,N
15,S02,山茶,0.3,P,N,Y,N
15,S03,日本柳杉,1.5,P,N,Y,N
15,S04,姬乌樟,1.8,P,N,Y,N
15,S05,山茶,0.36,P,N,Y,N
15,S10,马醉木,0.49,P,N,Y,N
15,S08,青木,0.6,P,N,Y,N
15,S09,青木,2,P,N,Y,N
15,S14,朱砂根,0.09,P,N,Y,N
16,S05,光蜡树,0.42,P,Y,N,N
16,S09,薰衣草,0.16,P,Y,N,N
16,S08,光蜡树,1.3,P,N,N,N
16,S06,月季花,0.16,P,N,N,N
16,S01,皋月杜鹃,0.52,P,N,N,N
16,S03,皋月杜鹃,0.52,P,N,N,N
16,S07,木犀榄,1.44,P,N,N,N
16,S02,南天竹,0.26,P,N,N,N
16,S04,南天竹,0.26,P,N,N,N
17,S01,皋月杜鹃,1,P,N,N,N
17,S02,皋月杜鹃,1.2,P,N,N,N
17,S03,皋月杜鹃,1,P,N,N,N
17,S04,花叶常春藤,1.5,P,N,N,N
17,S05,花叶常春藤,1.5,P,N,N,N
17,S06,花叶常春藤,1.5,P,N,N,N
18,S06,海桐,1,P,N,N,N
18,S01,光叶石楠,1,P,N,Y,Y
18,S02,光叶石楠,8,P,N,Y,Y
18,S03,光叶石楠,1.3,P,N,Y,Y
18,S04,平户杜鹃,7.0756,P,N,Y,Y
18,S05,平户杜鹃,5.29,P,N,Y,Y
21,S10,月季花,0.25,P,Y,N,N
21,S02,美洲大树莓,0.36,P,Y,N,N
21,S03,丰花月季,0.04,P,Y,N,N
21,S04,地榆,0.18,P,Y,N,N
21,S05,泽八仙花,0.05,P,Y,N,N
21,S06,桃,0.04,P,Y,N,N
21,S07,栎叶绣球,0.36,P,Y,N,N
21,S08,绣球,0.16,P,Y,N,N
21,S09,日本树莓,0.09,P,Y,N,N
21,S01,绣球,0.25,P,N,N,N
22,S01,腋花千叶兰,0.16,P,Y,N,N
22,S02,南天竹,0.09,P,Y,N,N
22,S03,朴树,0.06,P,Y,N,N
22,S04,紫薇,0.24,P,Y,N,N
22,S05,腋花千叶兰,0.06,P,N,N,N
22,S06,朱砂根,0.18,P,N,N,N
24,S01,小蜡,1.69,S,N,N,N
24,S11,紫茉莉,6,S,N,N,N
24,S09,月季花,0.16,P,Y,N,N
24,S05,冬青卫矛,0.42,P,N,N,N
24,S07,珍珠绣线菊,0.49,P,N,N,N
24,S08,鸡麻,0.25,P,N,N,N
24,S10,薄荷,0.0225,P,N,N,N
24,S03,木槿,1,P,N,N,N
24,S04,木槿,0.7,P,N,N,N
24,S02,木槿,3.12,P,N,N,N
24,S06,平户杜鹃,2,P,N,N,N
37,S06,构树,0.25,S,N,Y,N
37,S08,构树,0.04,S,N,Y,N
37,S07,楝,0.0625,S,N,Y,N
37,S02,女贞,0.09,S,N,Y,N
37,S01,朴树,0.06,S,N,Y,N
37,S04,朴树,0.3,S,N,Y,N
37,S03,乌桕,0.09,S,N,Y,N
37,S05,乌桕,0.25,S,N,Y,N
43,S04,构树,0.36,S,N,N,N
43,S06,野梧桐,0.42,S,N,N,N
43,S08,野梧桐,0.09,S,N,N,N
43,S02,糙叶树,3.2,S,N,N,N
43,S12,木犀,1.6,S,N,N,N
43,S05,朴树,0.09,S,N,N,N
43,S07,朴树,0.3,S,N,N,N
43,S09,朴树,0.01,S,N,N,N
43,S10,朴树,0.05,S,N,N,N
43,S11,朴树,0.0225,S,N,N,N
43,S03,樟树,0.81,S,N,N,N
43,S13,楝,0.09,S,N,Y,Y
43,S01,石斑木,0.25,P,N,Y,Y
45,S12,台湾吊钟花,0.25,P,Y,N,N
45,S25,久留美杜鹃,0.09,P,Y,N,N
45,S28,绣球,0.25,P,Y,N,N
45,S10,燕子掌,0.04,P,Y,N,N
45,S14,迎春花,0.6,P,Y,N,N
45,S17,乌冈栎,0.0625,P,Y,N,N
45,S18,金钟花,0.25,P,Y,N,N
45,S19,香橙,0.49,P,Y,N,N
45,S20,菊花,0.16,P,Y,N,N
45,S23,月季花,0.25,P,Y,N,N
45,S27,鹅掌柴,0.4,P,Y,N,N
45,S22,马缨丹,0.36,P,Y,N,N
45,S13,南天竹,0.0625,P,Y,N,N
45,S16,南天竹,0.09,P,Y,N,N
45,S26,南天竹,0.16,P,Y,N,N
45,S29,南天竹,0.09,P,Y,N,N
45,S15,枇杷,0.0625,P,Y,N,N
45,S11,香橙,0.0625,P,Y,N,N
45,S21,银杏,0.16,P,Y,N,N
45,S01,日本扁柏,0.09,P,N,N,N
45,S02,日本扁柏,0.09,P,N,N,N
45,S03,日本扁柏,0.09,P,N,N,N
45,S24,榉树,0.09,P,N,N,N
45,S04,南天竹,0.04,P,N,N,N
45,S05,南天竹,0.04,P,N,N,N
45,S06,南天竹,0.04,P,N,N,N
45,S07,南天竹,0.04,P,N,N,N
45,S08,南天竹,0.04,P,N,N,N
45,S09,南天竹,0.04,P,N,N,N
46,S01,矮棕竹,0.16,P,Y,N,N
46,S03,柃木,0.0625,P,Y,N,N
46,S05,牛奶子,0.09,P,Y,N,N
46,S07,羽扇槭,0.25,P,Y,N,N
46,S06,鸡爪槭,0.5,P,Y,N,N
46,S04,葡萄,0.16,P,Y,N,N
46,S02,榕树,0.16,P,Y,N,N
46,S08,皋月杜鹃,1.82,P,N,N,N
46,S10,南天竹,1,P,N,N,N
46,S09,朱砂根,0.09,P,N,N,N
47,S17,染井吉野樱,1.08,P,Y,Y,N
47,S18,棣棠花,0.09,P,Y,Y,N
47,S19,大叶早樱,0.36,P,Y,Y,N
47,S20,木瓜,0.12,P,Y,Y,N
47,S21,鸡麻,0.16,P,Y,Y,N
47,S22,日本栗,0.28,P,Y,Y,N
47,S04,蜡梅,1.44,P,N,Y,N
47,S06,蜡梅,1.5,P,N,Y,N
47,S07,蜡梅,2.25,P,N,Y,N
47,S09,蜡梅,1,P,N,Y,N
47,S10,蜡梅,1.44,P,N,Y,N
47,S15,蜡梅,1.44,P,N,Y,N
47,S12,南天竹,1.69,P,N,Y,N
47,S01,青冈,3.24,P,N,Y,N
47,S02,青冈,4.32,P,N,Y,N
47,S03,栀子,0.36,P,N,Y,N
47,S05,栀子,0.54,P,N,Y,N
47,S08,栀子,0.36,P,N,Y,N
47,S11,栀子,0.36,P,N,Y,N
47,S13,栀子,1,P,N,Y,N
47,S14,栀子,1.44,P,N,Y,N
47,S16,栀子,0.25,P,N,Y,N
50,S01,紫荆,2.56,S,N,N,N
50,S03,南天竹,0.36,S,N,N,N
50,S02,日本紫珠,0.8,S,N,N,N
52,S07,桃,0.81,S,N,Y,N
52,S18,柿,0.24,S,N,Y,N
52,S20,香椿,0.48,S,N,Y,N
52,S08,鸡爪槭,0.09,S,N,Y,N
52,S09,鸡爪槭,0.81,S,N,Y,N
52,S10,鸡爪槭,0.54,S,N,Y,N
52,S19,鸡爪槭,0.54,S,N,Y,N
52,S22,鸡爪槭,0.09,S,N,Y,N
52,S23,鸡爪槭,0.48,S,N,Y,N
52,S02,榉树,1.2,S,N,Y,N
52,S21,枇杷,0.42,S,N,Y,N
52,S04,朴树,0.06,S,N,Y,N
52,S05,朴树,0.04,S,N,Y,N
52,S06,朴树,0.24,S,N,Y,N
52,S11,青冈,0.16,S,N,Y,N
52,S12,青冈,0.16,S,N,Y,N
52,S13,青冈,0.16,S,N,Y,N
52,S14,青冈,0.16,S,N,Y,N
52,S15,青冈,0.16,S,N,Y,N
52,S16,青冈,0.16,S,N,Y,N
52,S17,青冈,0.16,S,N,Y,N
52,S03,日本柳杉,0.96,P,N,Y,N
52,S01,青冈,20,P,N,Y,N
53,S01,青冈,4.5,P,N,N,N
55,S06,短柄山茶,0.36,P,N,Y,N
55,S12,六月雪,0.04,P,N,Y,N
55,S08,铁冬青,1,P,N,Y,N
55,S07,八角金盘,3,P,N,Y,N
55,S05,红山樱,1.2,P,N,Y,N
55,S10,红山樱,0.03,P,N,Y,N
55,S01,石斑木,0.04,P,N,Y,N
55,S04,南天竹,0.81,P,N,Y,N
55,S09,南天竹,1.8,P,N,Y,N
55,S11,朴树,0.06,P,N,Y,N
55,S02,台湾十大功劳,0.36,P,N,Y,N
55,S03,台湾十大功劳,0.24,P,N,Y,N
57,S02,矮棕竹,0.09,P,Y,N,N
57,S01,薄荷,0.8,P,N,N,N
57,S04,三角槭,0.64,P,N,N,N
57,S03,矮棕竹,0.24,P,N,N,N
57,S05,皋月杜鹃,0.04,P,N,N,N
58,S24,山茶,0.25,P,Y,N,N
58,S19,富宁槭,0.36,P,Y,N,N
58,S02,蒂牡花,0.09,P,Y,N,N
58,S04,观音莲,0.3,P,Y,N,N
58,S22,香桃木,0.105,P,Y,N,N
58,S23,胡椒木,0.04,P,Y,N,N
58,S28,绣球,0.04,P,Y,N,N
58,S29,绣球,0.1225,P,Y,N,N
58,S30,绣球,0.1225,P,Y,N,N
58,S31,红萼苘麻,0.24,P,Y,N,N
58,S27,鸡爪槭,0.25,P,Y,N,N
58,S25,木槿,0.64,P,Y,N,N
58,S26,木槿,0.49,P,Y,N,N
58,S05,天竺葵,0.09,P,Y,N,N
58,S06,天竺葵,0.09,P,Y,N,N
58,S07,天竺葵,0.09,P,Y,N,N
58,S08,天竺葵,0.09,P,Y,N,N
58,S09,天竺葵,0.09,P,Y,N,N
58,S10,天竺葵,0.01,P,Y,N,N
58,S11,天竺葵,0.09,P,Y,N,N
58,S12,天竺葵,0.09,P,Y,N,N
58,S13,天竺葵,0.09,P,Y,N,N
58,S14,天竺葵,0.09,P,Y,N,N
58,S15,天竺葵,0.09,P,Y,N,N
58,S16,天竺葵,0.09,P,Y,N,N
58,S17,天竺葵,0.0225,P,Y,N,N
58,S18,天竺葵,0.09,P,Y,N,N
58,S34,小叶青冈,0.09,P,Y,N,N
58,S20,亚洲络石,0.12,P,Y,N,N
58,S21,亚洲络石,0.16,P,Y,N,N
58,S03,洋常春藤,0.105,P,Y,N,N
58,S32,栀子,0.14,P,Y,N,N
58,S35,山茶,0.96,P,N,N,N
58,S36,山茶,1.44,P,N,N,N
58,S37,山茶,1.2,P,N,N,N
58,S33,齿叶冬青,0.36,P,N,N,N
58,S38,南天竹,1.69,P,N,N,N
58,S39,平户杜鹃,1.5,P,N,N,N
58,S40,平户杜鹃,0.075,P,N,N,N
58,S01,日本黄杨,0.3,P,N,N,N
60,S01,女贞,0.1,S,N,N,N
60,S02,南天竹,0.12,S,N,N,N
60,S03,皋月杜鹃,1.44,P,N,N,N
60,S04,皋月杜鹃,0.9,P,N,N,N
60,S05,皋月杜鹃,0.36,P,N,N,N
60,S08,棣棠花,0.64,P,N,N,N
60,S09,珍珠绣线菊,1.7,P,N,N,N
60,S06,冬青卫矛,2.25,P,N,N,N
60,S07,朴树,0.15,P,N,N,N
63,S02,大花六道木,2.52,P,N,Y,N
63,S01,平户杜鹃,1.62,P,N,Y,N
63,S04,交让木,0.56,P,Y,N,N
63,S17,金柑,0.3,P,Y,N,N
63,S18,金柑,0.3,P,Y,N,N
63,S20,金柑,0.16,P,Y,N,N
63,S06,榕树,0.12,P,Y,N,N
63,S12,月季花,0.6,P,Y,N,N
63,S13,久留美杜鹃,0.2,P,Y,N,N
63,S14,彭土杜鹃,0.18,P,Y,N,N
63,S15,无花果,0.84,P,Y,N,N
63,S16,茶梅,0.3,P,Y,N,N
63,S03,榕树,0.09,P,Y,N,N
63,S05,榕树,0.09,P,Y,N,N
63,S09,天竺葵,0.09,P,Y,N,N
63,S10,天竺葵,0.09,P,Y,N,N
63,S11,天竺葵,0.09,P,Y,N,N
63,S19,香橙,0.8,P,Y,N,N
63,S21,香橙,0.25,P,Y,N,N
63,S07,侧柏,1.5,P,N,N,N
63,S08,野迎春,0.48,P,N,N,N
63,S23,四照花,0.36,P,N,N,N
63,S22,绣球,0.25,P,N,N,N
65,S03,朱蕉,0.09,P,Y,N,N
65,S01,矮棕竹,0.25,P,Y,N,N
65,S02,矮棕竹,0.18,P,Y,N,N
65,S05,红边竹蕉,0.16,P,N,N,N
65,S07,薰衣草,1,P,N,N,N
65,S04,金丝桃,0.3,P,N,N,N
65,S06,金丝桃,0.04,P,N,N,N
66,S02,青木,4.5,S,N,Y,N
66,S03,青木,4.5,S,N,Y,N
66,S01,山矾,1,S,N,Y,N
66,S04,青木,4,S,N,Y,N
67,S01,木香花,0.27,P,N,N,N
68,S11,南天竹,0.12,S,N,N,N
68,S10,绣球,0.25,P,Y,N,N
68,S03,金钟花,0.09,P,N,N,N
68,S05,茶梅,1.2,P,N,N,N
68,S07,棣棠花,0.16,P,N,N,N
68,S08,瑞香,0.18,P,N,N,N
68,S01,薄荷,0.04,P,N,N,N
68,S06,皋月杜鹃,0.18,P,N,N,N
68,S09,皋月杜鹃,0.18,P,N,N,N
68,S04,南天竹,0.16,P,N,N,N
71,S02,绣球,1.3,P,N,N,N
71,S03,绣球,1.2,P,N,N,N
71,S05,茶梅,0.42,P,N,N,N
71,S01,南天竹,1,P,N,N,N
71,S04,南天竹,0.25,P,N,N,N
73,S01,南天竹,0.25,P,N,N,N
73,S02,南天竹,0.25,P,N,N,N
74,S12,南天竹,0.36,P,N,Y,N
74,S11,鹅掌柴,0.09,P,Y,N,N
74,S08,鸡爪槭,0.09,P,Y,N,N
74,S04,瑞香,0.81,P,N,N,N
74,S09,绣球,0.49,P,N,N,N
74,S10,栎叶绣球,0.91,P,N,N,N
74,S06,茶梅,0.64,P,N,N,N
74,S02,光叶石楠,0.81,P,N,N,N
74,S05,南天竹,0.0625,P,N,N,N
74,S07,南天竹,0.09,P,N,N,N
74,S03,南天竹,0.81,P,N,N,N
74,S01,平户杜鹃,2.7,P,N,N,N
75,S01,三裂树参,0.16,P,N,N,N
76,S05,棣棠花,3.5,S,N,Y,N
76,S07,棣棠花,2.25,S,N,Y,N
76,S08,棣棠花,2.25,S,N,Y,N
76,S06,胡椒木,0.96,S,N,Y,N
76,S01,南天竹,0.49,S,N,N,N
76,S02,乌冈栎,0.4,P,N,N,N
76,S03,光叶石楠,1.6,P,N,N,N
76,S04,光叶石楠,1.8,P,N,N,N
78,S01,南天竹,0.36,S,N,N,N
78,S03,南天竹,0.65,S,N,N,N
78,S04,南天竹,1.1,S,N,N,N
78,S02,绣球,1.69,S,N,N,N
78,S05,月季花,0.09,P,N,N,N
81,S02,盐肤木,1,S,N,Y,N
81,S15,木犀,1.2,S,N,Y,N
81,S01,朴树,1.69,S,N,Y,N
81,S03,溲疏,2.89,P,N,Y,N
81,S04,绣球,1,P,N,Y,N
81,S05,泽八仙花,0.14,P,N,Y,N
81,S12,木犀,1.44,P,N,Y,N
81,S13,木犀,1.44,P,N,Y,N
81,S14,木犀,1.44,P,N,Y,N
81,S11,茶梅,1.1,P,N,Y,N
81,S06,金丝桃,1.44,P,N,Y,N
81,S09,金丝桃,1.53,P,N,Y,N
81,S07,平户杜鹃,1.8,P,N,Y,N
81,S08,平户杜鹃,2.25,P,N,Y,N
81,S10,平户杜鹃,1.44,P,N,Y,N
83,S03,大果柏,0.04,P,Y,N,N
83,S12,大果柏,0.36,P,Y,N,N
83,S11,石榴,0.8,P,Y,N,N
83,S10,八角金盘,0.5,P,Y,N,N
83,S01,茶梅,1,P,N,N,N
83,S08,棣棠花,0.3,P,N,N,N
83,S09,皋月杜鹃,0.36,P,N,N,N
83,S02,南天竹,0.45,P,N,N,N
83,S04,南天竹,0.9,P,N,N,N
83,S06,南天竹,0.36,P,N,N,N
83,S07,台湾十大功劳,0.81,P,N,N,N
83,S05,绣球,1.5,P,N,N,N
84,S12,红边竹蕉,0.12,P,Y,N,N
84,S31,月季花,0.09,P,Y,N,N
84,S16,绣球,0.09,P,Y,N,N
84,S19,绣球,0.09,P,Y,N,N
84,S21,乔木绣球,0.0625,P,Y,N,N
84,S30,红萼苘麻,0.42,P,Y,N,N
84,S22,平户杜鹃,0.09,P,Y,N,N
84,S20,紫薇,0.49,P,Y,N,N
84,S11,薰衣草,0.6,P,N,N,N
84,S17,红边竹蕉,1,P,N,N,N
84,S13,月季花,0.56,P,N,N,N
84,S14,龙船花,0.81,P,N,N,N
84,S15,腋花千叶兰,0.54,P,N,N,N
84,S18,绣球,1.44,P,N,N,N
84,S25,久留美杜鹃,0.33,P,N,N,N
84,S02,茶梅,1.21,P,N,N,N
84,S29,茶梅,1.44,P,N,N,N
84,S01,齿叶冬青,1.1,P,N,N,N
84,S04,皋月杜鹃,0.36,P,N,N,N
84,S05,皋月杜鹃,0.45,P,N,N,N
84,S23,皋月杜鹃,0.16,P,N,N,N
84,S10,红萼苘麻,0.36,P,N,N,N
84,S08,木犀,0.64,P,N,N,N
84,S28,木犀,2.76,P,N,N,N
84,S06,木犀榄,1.32,P,N,N,N
84,S24,平户杜鹃,1.08,P,N,N,N
84,S27,平户杜鹃,0.81,P,N,N,N
84,S03,台湾十大功劳,0.81,P,N,N,N
84,S26,台湾十大功劳,0.24,P,N,N,N
84,S07,香橙,0.36,P,N,N,N
84,S09,香橙,0.49,P,N,N,N
86,S11,迎春花,1.69,P,N,N,N
86,S13,珍珠绣线菊,0.68,P,N,N,N
86,S03,大花四照花,0.36,P,N,N,N
86,S12,木犀,0.9,P,N,N,N
86,S14,南天竹,0.2,P,N,N,N
86,S04,平户杜鹃,0.2,P,N,N,N
86,S05,平户杜鹃,0.09,P,N,N,N
86,S07,平户杜鹃,1.2,P,N,N,N
86,S08,平户杜鹃,0.36,P,N,N,N
86,S09,平户杜鹃,0.72,P,N,N,N
86,S10,平户杜鹃,0.72,P,N,N,N
86,S01,四照花,0.81,P,N,N,N
86,S06,夏椿,0.36,P,N,N,N
86,S02,小叶青冈,0.36,P,N,N,N
89,S01,六月雪,0.6,P,N,N,N
89,S02,六月雪,0.875,P,N,N,N
89,S03,六月雪,1.5,P,N,N,N
89,S04,玉叶金花,1.2,P,N,N,N
89,S10,金钟花,0.21,P,N,N,N
89,S15,绣球,0.81,P,N,N,N
89,S08,八角金盘,0.25,P,N,N,N
89,S16,榔榆,0.6,P,N,N,N
89,S07,木犀,1.21,P,N,N,N
89,S05,南天竹,0.49,P,N,N,N
89,S06,南天竹,0.64,P,N,N,N
89,S11,南天竹,0.09,P,N,N,N
89,S12,南天竹,0.6,P,N,N,N
89,S14,南天竹,0.16,P,N,N,N
89,S09,山茶,0.15,P,N,N,N
89,S13,柿,0.36,P,N,N,N
92,S06,久留美杜鹃,0.1225,P,Y,N,N
92,S19,久留美杜鹃,0.04,P,Y,N,N
92,S21,木香花,0.36,P,Y,N,N
92,S20,鸡爪槭,0.81,P,Y,N,N
92,S17,南天竹,0.1225,P,Y,N,N
92,S22,南天竹,0.12,P,Y,N,N
92,S23,南天竹,0.16,P,Y,N,N
92,S24,南天竹,0.16,P,Y,N,N
92,S03,秋海棠,0.18,P,Y,N,N
92,S07,秋海棠,0.09,P,Y,N,N
92,S02,天竺葵,0.09,P,Y,N,N
92,S18,泽八仙花,0.48,P,Y,N,N
92,S01,紫荆,0.36,P,N,N,N
92,S12,茶梅,0.81,P,N,N,N
92,S11,皋月杜鹃,0.09,P,N,N,N
92,S13,皋月杜鹃,0.09,P,N,N,N
92,S16,六月雪,0.04,P,N,N,N
92,S08,马醉木,0.1225,P,N,N,N
92,S10,马醉木,0.1225,P,N,N,N
92,S14,南天竹,0.25,P,N,N,N
92,S15,南天竹,0.25,P,N,N,N
92,S05,秋海棠,0.09,P,N,N,N
92,S04,苏铁,0.81,P,N,N,N
92,S09,朱砂根,0.09,P,N,N,N
93,S03,珍珠绣线菊,1,P,N,Y,N
93,S01,栀子,2.72,P,N,Y,N
93,S02,栀子,3.2,P,N,Y,N
94,S04,柃木,0.42,P,Y,N,N
94,S08,光叶石楠,0.16,P,Y,N,N
94,S09,八角金盘,0.12,P,Y,N,N
94,S01,南天竹,0.5,P,Y,N,N
94,S03,西德科特金丝桃,0.35,P,N,N,N
94,S20,珍珠绣线菊,0.45,P,N,N,N
94,S05,野扇花,0.04,P,N,N,N
94,S06,腺齿越桔,0.42,P,N,N,N
94,S12,台湾吊钟花,1,P,N,N,N
94,S16,茶梅,0.36,P,N,N,N
94,S21,茶梅,0.3,P,N,N,N
94,S18,红山樱,0.09,P,N,N,N
94,S19,交让木,0.04,P,N,N,N
94,S17,八角金盘,0.36,P,N,N,N
94,S02,皋月杜鹃,0.36,P,N,N,N
94,S13,皋月杜鹃,0.2,P,N,N,N
94,S14,皋月杜鹃,0.5,P,N,N,N
94,S15,皋月杜鹃,0.72,P,N,N,N
94,S07,南天竹,0.48,P,N,N,N
94,S11,南天竹,0.42,P,N,N,N
94,S10,朱砂根,0.09,P,N,N,N
96,S07,柿,0.04,S,N,N,N
96,S10,绣球,0.09,P,Y,N,N
96,S11,珍珠绣线菊,0.09,P,Y,N,N
96,S08,大花六道木,2.2,P,N,N,N
96,S02,皋月杜鹃,0.06,P,N,N,N
96,S03,榔榆,0.24,P,N,N,N
96,S04,榔榆,0.09,P,N,N,N
96,S05,朴树,0.24,P,N,N,N
96,S06,朴树,0.25,P,N,N,N
96,S01,山茶,0.24,P,N,N,N
96,S09,朴树,0.2,S,N,N,N
97,S01,月季花,1.68,P,N,N,N
97,S06,平户杜鹃,0.72,P,N,N,N
97,S07,胡椒木,0.36,P,N,N,N
97,S08,胡椒木,0.25,P,N,N,N
97,S09,牡丹,0.09,P,N,N,N
97,S10,腋花千叶兰,0.09,P,N,N,N
97,S11,月季花,0.03,P,N,N,N
97,S02,南天竹,0.81,P,N,N,N
97,S03,平户杜鹃,0.08,P,N,N,N
97,S05,平户杜鹃,0.12,P,N,N,N
97,S04,朴树,0.25,P,N,N,N
98,S06,玉兰,1,S,N,N,N
98,S01,玉兰,1,P,N,N,N
98,S08,玉兰,0.91,P,N,N,N
98,S02,胡椒木,1,P,N,N,N
98,S04,青冈,1,P,N,N,N
98,S05,甘夏,0.25,P,N,N,N
98,S09,夏椿,1,P,N,N,N
98,S03,南天竹,1.2,P,N,N,N
98,S07,南天竹,1.4,P,N,N,N
102,S07,海南龙血树,0.04,P,Y,N,N
102,S08,海南龙血树,0.04,P,Y,N,N
102,S10,茶梅,0.0625,P,N,N,N
102,S06,皋月杜鹃,0.25,P,N,N,N
102,S11,皋月杜鹃,0.25,P,N,N,N
102,S12,皋月杜鹃,0.4225,P,N,N,N
102,S02,花叶常春藤,0.51,P,N,N,N
102,S03,花叶常春藤,2.16,P,N,N,N
102,S04,花叶常春藤,0.9,P,N,N,N
102,S09,花叶常春藤,0.34,P,N,N,N
102,S01,南天竹,1.69,P,N,N,N
102,S05,绣球,0.25,P,N,N,N
102,S13,绣球,1.69,P,N,N,N
103,S05,南天竹,0.36,P,Y,N,N
103,S06,南天竹,0.09,P,Y,N,N
103,S01,齿叶薰衣草,0.26,P,N,N,N
103,S03,绣球,0.24,P,N,N,N
103,S04,柿,0.09,P,N,N,N
103,S02,皋月杜鹃,0.18,P,N,N,N
105,S06,富宁槭,0.28,P,Y,N,N
105,S07,光蜡树,0.16,P,Y,N,N
105,S01,木通,1.2,P,N,N,N
105,S03,木半夏,0.36,P,N,N,N
105,S05,七叶一枝花,0.09,P,N,N,N
105,S04,三裂树参,0.16,P,N,N,N
105,S02,绣球,3.48,P,N,N,N
109,S04,南天竹,0.25,S,N,N,N
109,S13,朴树,0.09,S,N,N,N
109,S17,朴树,0.7,S,N,N,N
109,S21,朴树,0.18,S,N,N,N
109,S07,日本女贞,1,S,N,N,N
109,S01,樟树,0.18,S,N,N,N
109,S09,木,0.12,P,N,N,N
109,S19,珍珠绣线菊,0.63,P,N,N,N
109,S23,珍珠绣线菊,0.12,P,N,N,N
109,S47,台湾吊钟花,0.36,P,N,N,N
109,S48,台湾吊钟花,0.25,P,N,N,N
109,S49,台湾吊钟花,0.16,P,N,N,N
109,S50,交让木,0.16,P,N,N,N
109,S51,交让木,0.16,P,N,N,N
109,S10,茶梅,0.2,P,N,N,N
109,S46,茶梅,0.78,P,N,N,N
109,S16,大花六道木,0.09,P,N,N,N
109,S22,大花六道木,0.09,P,N,N,N
109,S06,皋月杜鹃,0.36,P,N,N,N
109,S25,皋月杜鹃,1,P,N,N,N
109,S26,皋月杜鹃,1,P,N,N,N
109,S27,皋月杜鹃,1,P,N,N,N
109,S28,皋月杜鹃,1,P,N,N,N
109,S29,皋月杜鹃,1,P,N,N,N
109,S30,皋月杜鹃,1,P,N,N,N
109,S31,皋月杜鹃,1,P,N,N,N
109,S32,皋月杜鹃,1,P,N,N,N
109,S33,皋月杜鹃,1,P,N,N,N
109,S34,皋月杜鹃,1,P,N,N,N
109,S35,皋月杜鹃,1,P,N,N,N
109,S36,皋月杜鹃,1,P,N,N,N
109,S37,皋月杜鹃,1,P,N,N,N
109,S38,皋月杜鹃,1,P,N,N,N
109,S44,皋月杜鹃,0.25,P,N,N,N
109,S05,六月雪,0.36,P,N,N,N
109,S45,木犀,0.36,P,N,N,N
109,S03,南天竹,0.81,P,N,N,N
109,S14,南天竹,0.12,P,N,N,N
109,S18,南天竹,0.09,P,N,N,N
109,S08,平户杜鹃,1.44,P,N,N,N
109,S12,平户杜鹃,2.25,P,N,N,N
109,S15,平户杜鹃,0.9,P,N,N,N
109,S20,平户杜鹃,0.84,P,N,N,N
109,S02,青木,0.2,P,N,N,N
109,S24,日本黄杨,1.21,P,N,N,N
109,S39,三裂树参,0.78,P,N,N,N
109,S40,山茶,0.64,P,N,N,N
109,S41,山茶,0.64,P,N,N,N
109,S11,小蜡,0.04,P,N,N,N
109,S42,小蜡,1.8,P,N,N,N
109,S43,洋常春藤,0.0625,P,N,N,N
110,S01,南天竹,0.18,S,N,N,N
110,S02,南天竹,0.16,S,N,N,N
110,S05,山茶,0.04,P,Y,N,N
110,S11,山茶,0.81,P,Y,N,N
110,S12,山茶,6,P,Y,N,N
110,S03,台湾吊钟花,0.16,P,Y,N,N
110,S04,台湾吊钟花,0.16,P,Y,N,N
110,S06,草珊瑚,0.04,P,Y,N,N
110,S08,台湾吊钟花,0.16,P,Y,N,N
110,S09,台湾吊钟花,0.21,P,Y,N,N
110,S10,皋月杜鹃,0.16,P,Y,N,N
110,S13,石榴,0.81,P,N,N,N
110,S07,胡椒木,0.04,P,N,N,N
110,S14,南天竹,0.36,P,N,N,N
110,S15,南天竹,0.36,P,N,N,N
112,S23,榉树,0.24,S,Y,N,N
112,S03,珍珠绣线菊,0.0225,S,N,N,N
112,S09,珍珠绣线菊,0.25,S,N,N,N
112,S04,小蜡,0.04,S,N,N,N
112,S05,赤松,0.08,S,N,N,N
112,S10,珍珠绣线菊,0.16,P,Y,N,N
112,S19,珍珠绣线菊,0.16,P,Y,N,N
112,S12,赤松,0.04,P,Y,N,N
112,S14,赤松,0.04,P,Y,N,N
112,S15,赤松,0.0225,P,Y,N,N
112,S13,赤松,0.01,P,Y,N,N
112,S20,榉树,0.09,P,Y,N,N
112,S22,台湾吊钟花,0.25,P,Y,N,N
112,S16,鸡爪槭,0.01,P,Y,N,N
112,S21,鸡爪槭,0.36,P,Y,N,N
112,S17,南天竹,0.09,P,Y,N,N
112,S08,枇杷,0.5625,P,Y,N,N
112,S18,枇杷,0.24,P,Y,N,N
112,S11,山茶,0.09,P,Y,N,N
112,S01,珍珠绣线菊,1.96,P,N,N,N
112,S07,珍珠绣线菊,0.09,P,N,N,N
112,S06,小蜡,0.36,P,N,N,N
112,S24,迎春花,1.44,P,N,N,N
112,S02,小蜡,2.56,P,N,N,N
118,S06,大花六道木,0.54,P,N,N,N
118,S01,日本黄杨,0.09,P,N,N,N
118,S02,日本黄杨,0.08,P,N,N,N
118,S19,紫荆,2,P,N,N,N
118,S03,木,0.18,P,N,N,N
118,S04,木,0.18,P,N,N,N
118,S05,木,0.18,P,N,N,N
118,S07,冬青卫矛,0.4,P,N,N,N
118,S08,日本花柏,0.3,P,N,N,N
118,S09,少花蜡瓣花,0.36,P,N,N,N
118,S10,齿叶冬青,0.04,P,N,N,N
118,S13,齿叶冬青,0.18,P,N,N,N
118,S14,月季花,0.25,P,N,N,N
118,S22,冬青卫矛,0.04,P,N,N,N
118,S16,皋月杜鹃,0.36,P,N,N,N
118,S17,皋月杜鹃,0.36,P,N,N,N
118,S18,榉树,0.24,P,N,N,N
118,S11,木犀,1,P,N,N,N
118,S15,南天竹,1.08,P,N,N,N
118,S21,南天竹,0.04,P,N,N,N
118,S12,平户杜鹃,1.44,P,N,N,N
118,S20,平户杜鹃,0.36,P,N,N,N
119,S01,三角槭,0.36,P,Y,N,N
119,S02,泽八仙花,0.36,P,Y,N,N
119,S03,月季花,0.49,P,Y,N,N
119,S07,月季花,0.2,P,Y,N,N
119,S06,木香花,0.09,P,Y,N,N
119,S05,泽八仙花,0.09,P,Y,N,N
119,S04,胡椒木,0.09,P,Y,N,N
119,S08,齿叶冬青,1,P,N,N,N
121,S03,冬绿金丝桃,0.44,P,N,N,N
121,S04,绣球,0.35,P,N,N,N
121,S01,南天竹,1,P,N,N,N
121,S02,南天竹,1.69,P,N,N,N
122,S26,朴树,0.36,S,N,N,N
122,S13,白棠子树,1,P,Y,N,N
122,S21,紫薇,1.56,P,Y,N,N
122,S22,光蜡树,0.18,P,Y,N,N
122,S04,皋月杜鹃,0.36,P,Y,N,N
122,S06,皋月杜鹃,0.16,P,Y,N,N
122,S07,皋月杜鹃,0.16,P,Y,N,N
122,S08,皋月杜鹃,0.16,P,Y,N,N
122,S10,皋月杜鹃,0.09,P,Y,N,N
122,S11,皋月杜鹃,0.09,P,Y,N,N
122,S15,皋月杜鹃,0.09,P,Y,N,N
122,S16,皋月杜鹃,0.09,P,Y,N,N
122,S17,皋月杜鹃,0.16,P,Y,N,N
122,S18,皋月杜鹃,0.16,P,Y,N,N
122,S19,皋月杜鹃,0.09,P,Y,N,N
122,S25,罗汉松,0.49,P,Y,N,N
122,S12,山茶,0.36,P,Y,N,N
122,S20,银杏,0.2,P,Y,N,N
122,S02,光蜡树,1.96,P,N,N,N
122,S03,白棠子树,2.21,P,N,N,N
122,S14,马醉木,0.7,P,N,N,N
122,S05,茶梅,0.36,P,N,N,N
122,S09,茶梅,0.14,P,N,N,N
122,S01,夹竹桃,2.1,P,N,N,N
122,S24,榉树,0.36,P,N,N,N
122,S23,紫薇,0.64,P,N,N,N
125,S04,桑,1,S,N,N,N
125,S03,桃,1.2,P,N,N,N
125,S02,光叶石楠,0.81,P,N,N,N
125,S01,光叶石楠,0.42,P,N,N,N
125,S05,柿,0.49,P,N,N,N
127,S03,矮棕竹,1.44,P,Y,N,N
127,S07,矮棕竹,0.49,P,Y,N,N
127,S02,珍珠绣线菊,0.2025,P,N,N,N
127,S05,菊花,0.25,P,N,N,N
127,S06,菊花,0.3,P,N,N,N
127,S10,菊花,0.99,P,N,N,N
127,S04,胡椒木,0.42,P,N,N,N
127,S01,南天竹,0.09,P,N,N,N
127,S08,南天竹,0.16,P,N,N,N
127,S09,南天竹,0.36,P,N,N,N
128,S01,合欢,1.5,S,N,N,N
128,S02,皋月杜鹃,1,P,N,N,N
128,S03,皋月杜鹃,0.63,P,N,N,N
128,S04,皋月杜鹃,0.72,P,N,N,N
129,S01,女贞,0.0225,S,N,N,N
129,S04,朴树,0.09,S,N,N,N
129,S06,朴树,0.36,S,N,N,N
129,S08,朴树,0.18,S,N,N,N
129,S02,绣球,3.24,P,N,N,N
129,S14,大花六道木,2.3,P,N,N,N
129,S13,皋月杜鹃,5,P,N,N,N
129,S05,石斑木,0.12,P,N,N,N
129,S09,石斑木,0.15,P,N,N,N
129,S03,金丝桃,0.09,P,N,N,N
129,S07,金丝桃,0.36,P,N,N,N
129,S11,金丝桃,0.135,P,N,N,N
129,S15,平户杜鹃,18,P,N,N,N
129,S10,青冈,0.18,P,N,N,N
129,S12,青冈,0.64,P,N,N,N
130,S02,蟹爪兰,0.0625,P,Y,N,N
130,S03,绣球,1.2,P,Y,N,N
130,S08,绣球,0.36,P,Y,N,N
130,S04,菊花,0.39,P,Y,N,N
130,S05,网脉丁香,1,P,Y,N,N
130,S06,麒麟吐珠,0.64,P,Y,N,N
130,S09,木香花,0.16,P,Y,N,N
130,S07,鹅掌柴,0.18,P,Y,N,N
130,S01,南天竹,0.1225,P,Y,N,N
130,S10,天竺葵,0.09,P,Y,N,N
131,S13,白棠子树,0.09,P,Y,Y,Y
131,S15,迎春花,0.09,P,Y,Y,Y
131,S12,南天竹,0.09,P,Y,Y,Y
131,S16,秋海棠,0.225,P,Y,Y,Y
131,S11,天竺葵,0.09,P,Y,Y,Y
131,S14,泽八仙花,0.04,P,Y,Y,Y
131,S01,圆柏,0.36,P,N,Y,Y
131,S03,圆柏,0.48,P,N,Y,Y
131,S18,迎春花,0.12,P,N,Y,Y
131,S23,冬青卫矛,0.16,P,N,Y,Y
131,S08,大花六道木,0.27,P,N,Y,Y
131,S09,大花六道木,0.27,P,N,Y,Y
131,S04,皋月杜鹃,3.5,P,N,Y,Y
131,S05,皋月杜鹃,1,P,N,Y,Y
131,S06,皋月杜鹃,0.18,P,N,Y,Y
131,S07,皋月杜鹃,2.16,P,N,Y,Y
131,S10,皋月杜鹃,0.36,P,N,Y,Y
131,S22,皋月杜鹃,0.09,P,N,Y,Y
131,S21,鸡爪槭,0.12,P,N,Y,Y
131,S24,六月雪,0.25,P,N,Y,Y
131,S19,南天竹,0.24,P,N,Y,Y
131,S02,十大功劳,3.96,P,N,Y,Y
131,S20,绣球,0.6,P,N,Y,Y
131,S17,樟树,0.16,P,N,Y,Y
135,S01,燕子掌,0.09,P,Y,N,N
135,S03,海南龙血树,0.09,P,Y,N,N
135,S04,绣球,0.16,P,Y,N,N
135,S09,绣球,0.25,P,Y,N,N
135,S05,久留美杜鹃,0.09,P,Y,N,N
135,S08,久留美杜鹃,0.09,P,Y,N,N
135,S07,月季花,0.04,P,Y,N,N
135,S15,大果柏,0.03,P,Y,N,N
135,S10,茶梅,0.09,P,Y,N,N
135,S12,鸡爪槭,0.3,P,Y,N,N
135,S06,四照花,0.0625,P,Y,N,N
135,S11,四照花,1.1,P,Y,N,N
135,S02,苏铁,0.16,P,Y,N,N
135,S16,笆,0.36,P,Y,N,N
135,S13,木犀,0.25,P,N,N,N
135,S14,南天竹,0.16,P,N,N,N
137,S02,南天竹,1.44,P,N,N,N
137,S01,南天竹,0.16,P,N,N,N
137,S03,南天竹,0.16,P,N,N,N
137,S04,笆,0.01,P,N,N,N
138,S01,南天竹,0.16,S,N,N,N
138,S02,南天竹,0.25,S,N,N,N
138,S03,南天竹,0.25,S,N,N,N
138,S04,南天竹,0.24,S,N,N,N
138,S10,南天竹,0.36,S,N,N,N
138,S09,盐肤木,0.54,S,N,N,N
138,S07,绣球,1.44,P,N,N,N
138,S05,南天竹,0.16,P,N,N,N
138,S06,南天竹,0.24,P,N,N,N
138,S08,南天竹,0.09,P,N,N,N
139,S01,平户杜鹃,0.15,P,N,N,N
139,S03,平户杜鹃,0.81,P,N,N,N
139,S04,平户杜鹃,0.39,P,N,N,N
139,S02,栀子,0.7,P,N,N,N
141,S01,南天竹,0.12,P,Y,N,N
141,S03,绣球,0.12,P,Y,N,N
141,S04,绣球,0.09,P,Y,N,N
141,S06,月季花,0.49,P,Y,N,N
141,S02,南天竹,0.09,P,Y,N,N
141,S05,日本黄杨,0.25,P,Y,N,N
142,S07,飘香藤,0.045,P,Y,N,N
142,S10,茶梅,0.64,P,Y,N,N
142,S02,木犀榄,0.64,P,Y,N,N
142,S03,南天竹,0.16,P,Y,N,N
142,S01,南天竹,0.36,P,Y,N,N
142,S11,南天竹,0.16,P,Y,N,N
142,S12,香橙,0.1225,P,Y,N,N
142,S08,侧柏,0.16,P,N,N,N
142,S05,皋月杜鹃,0.09,P,N,N,N
142,S06,皋月杜鹃,0.1,P,N,N,N
142,S04,马缨丹,0.04,P,N,N,N
142,S09,南天竹,0.16,P,N,N,N
143,S21,榉树,0.9,S,N,N,N
143,S16,樟树,0.54,S,N,N,N
143,S01,木犀,0.81,P,Y,N,N
143,S12,山茶,1,P,N,N,N
143,S18,山茶,0.49,P,N,N,N
143,S19,山茶,1.4,P,N,N,N
143,S15,山茶,0.8,P,N,N,N
143,S03,绣球,1.82,P,N,N,N
143,S06,绣球,0.18,P,N,N,N
143,S09,绣球,1.8,P,N,N,N
143,S13,大叶胡颓子,0.63,P,N,N,N
143,S20,月季花,0.16,P,N,N,N
143,S02,皋月杜鹃,1,P,N,N,N
143,S11,厚皮香,0.64,P,N,N,N
143,S17,柃木,0.36,P,N,N,N
143,S04,南天竹,0.36,P,N,N,N
143,S14,南天竹,0.49,P,N,N,N
143,S05,平户杜鹃,1.69,P,N,N,N
143,S07,平户杜鹃,0.3,P,N,N,N
143,S08,台湾十大功劳,0.6,P,N,N,N
143,S10,栀子,0.12,P,N,N,N
144,S01,石斑木,0.09,P,N,N,N
144,S02,石斑木,0.09,P,N,N,N
144,S03,石斑木,0.36,P,N,N,N
144,S05,南天竹,1.95,P,N,N,N
144,S04,青木,0.84,P,N,N,N
147,S09,南天竹,0.09,S,N,N,N
147,S10,南天竹,0.18,S,N,N,N
147,S06,六月雪,0.24,P,N,N,N
147,S08,六月雪,0.28,P,N,N,N
147,S07,麻叶绣线菊,0.33,P,N,N,N
147,S04,皋月杜鹃,0.15,P,N,N,N
147,S02,胡椒木,0.09,P,N,N,N
147,S01,南天竹,0.25,P,N,N,N
147,S11,南天竹,0.27,P,N,N,N
147,S05,绣球,0.0625,P,N,N,N
147,S03,洋常春藤,0.09,P,N,N,N
149,S01,染井吉野樱,0.04,P,Y,N,N
149,南天竹,南天竹,0.0625,P,Y,N,N
150,S21,楝,1,S,N,Y,N
150,S09,南天竹,0.16,S,N,Y,N
150,S27,南天竹,0.09,S,N,Y,N
150,S06,女贞,0.25,S,N,Y,N
150,S10,樟树,0.36,S,N,Y,N
150,S18,樟树,0.06,S,N,Y,N
150,S12,珍珠绣线菊,0.36,P,N,Y,N
150,S13,珍珠绣线菊,0.39,P,N,Y,N
150,S25,珍珠绣线菊,1,P,N,Y,N
150,S07,茶梅,1,P,N,Y,N
150,S15,茶梅,1.4,P,N,Y,N
150,S19,茶梅,0.54,P,N,Y,N
150,S22,大花六道木,6.25,P,N,Y,N
150,S05,皋月杜鹃,4.2,P,N,Y,N
150,S08,石斑木,0.09,P,N,Y,N
150,S14,石斑木,0.16,P,N,Y,N
150,S17,石斑木,1.1,P,N,Y,N
150,S20,石斑木,0.27,P,N,Y,N
150,S23,石斑木,1,P,N,Y,N
150,S26,石斑木,0.04,P,N,Y,N
150,S24,南天竹,1.3,P,N,Y,N
150,S11,平户杜鹃,0.6,P,N,Y,N
150,S16,平户杜鹃,1.2,P,N,Y,N
150,S02,楝,1,S,N,N,N
150,S03,楝,1.2,S,N,N,N
150,S01,石斑木,4.95,P,N,N,N
150,S04,石斑木,3.78,P,N,N,N
150,S35,紫茉莉,0.05,S,N,Y,Y
150,S32,桑,0.36,S,N,Y,Y
150,S37,乌冈栎,0.3,P,N,Y,Y
150,S39,茶梅,7.2,P,N,Y,Y
150,S40,大花六道木,4.8,P,N,Y,Y
150,S41,皋月杜鹃,0.3,P,N,Y,Y
150,S42,皋月杜鹃,0.09,P,N,Y,Y
150,S28,光叶石楠,3.2,P,N,Y,Y
150,S30,光叶石楠,1.17,P,N,Y,Y
150,S31,光叶石楠,2.8,P,N,Y,Y
150,S33,光叶石楠,1.6,P,N,Y,Y
150,S34,光叶石楠,1.5,P,N,Y,Y
150,S38,光叶石楠,8.5,P,N,Y,Y
150,S29,平户杜鹃,0.54,P,N,Y,Y
150,S36,栀子,0.2,P,N,Y,Y
152,S10,南天竹,1,S,N,N,N
152,S05,铁冬青,0.54,P,Y,N,N
152,S06,海南龙血树,0.16,P,Y,N,N
152,S07,栎叶绣球,0.16,P,Y,N,N
152,S08,绣球,1,P,Y,N,N
152,S09,秋海棠,0.09,P,Y,N,N
152,S03,洋常春藤,0.12,P,Y,N,N
152,S02,茶梅,1.96,P,N,N,N
152,S11,齿叶冬青,0.42,P,N,N,N
152,S04,胡椒木,0.36,P,N,N,N
152,S01,南天竹,0.09,P,N,N,N
152,S12,南天竹,0.25,P,N,N,N
155,S01,燕子掌,0.0625,P,Y,N,N
155,S02,瑞香,0.09,P,Y,N,N
155,S05,绣球,0.09,P,Y,N,N
155,S06,七叶一枝花,0.1225,P,Y,N,N
155,S12,飘香藤,0.09,P,Y,N,N
155,S03,花叶常春藤,0.98,P,Y,N,N
155,S04,珍珠绣线菊,0.04,P,N,N,N
155,S09,南天竹,0.36,P,N,N,N
155,S11,南天竹,0.2,P,N,N,N
155,S13,南天竹,0.14,P,N,N,N
155,S10,天竺葵,0.2025,P,N,N,N
155,S07,绣球,1.69,P,N,N,N
155,S08,绣球,1.69,P,N,N,N
156,S03,笆,0.49,P,N,N,N
156,S02,茶梅,0.49,P,N,N,N
156,S01,木犀,0.49,P,N,N,N
156,S04,木犀,0.49,P,N,N,N
157,S02,朴树,0.42,S,N,N,N
157,S04,盐肤木,0.24,S,N,N,N
157,S01,皋月杜鹃,1,P,N,N,N
157,S03,皋月杜鹃,1.1,P,N,N,N
157,S05,皋月杜鹃,1.96,P,N,N,N
157,S06,皋月杜鹃,1.96,P,N,N,N
157,S07,皋月杜鹃,1.96,P,N,N,N
158,S01,珍珠绣线菊,3.6,P,N,Y,Y
158,S02,珍珠绣线菊,2.4,P,N,Y,Y
158,S08,珍珠绣线菊,0.18,P,N,Y,Y
158,S09,珍珠绣线菊,0.09,P,N,Y,Y
158,S12,珍珠绣线菊,0.12,P,N,Y,Y
158,S20,珍珠绣线菊,0.09,P,N,Y,Y
158,S26,珍珠绣线菊,0.18,P,N,Y,Y
158,S05,久留美杜鹃,0.18,P,N,Y,Y
158,S06,久留美杜鹃,0.09,P,N,Y,Y
158,S10,久留美杜鹃,0.48,P,N,Y,Y
158,S14,久留美杜鹃,0.24,P,N,Y,Y
158,S17,久留美杜鹃,0.15,P,N,Y,Y
158,S21,久留美杜鹃,0.09,P,N,Y,Y
158,S22,久留美杜鹃,0.09,P,N,Y,Y
158,S23,久留美杜鹃,0.15,P,N,Y,Y
158,S24,久留美杜鹃,0.12,P,N,Y,Y
158,S27,久留美杜鹃,0.12,P,N,Y,Y
158,S30,久留美杜鹃,0.18,P,N,Y,Y
158,S31,久留美杜鹃,0.09,P,N,Y,Y
158,S35,久留美杜鹃,1,P,N,Y,Y
158,S03,石斑木,0.15,P,N,Y,Y
158,S04,石斑木,0.55,P,N,Y,Y
158,S07,金丝桃,0.3,P,N,Y,Y
158,S11,金丝桃,0.54,P,N,Y,Y
158,S25,金丝桃,0.3,P,N,Y,Y
158,S33,金丝桃,0.9,P,N,Y,Y
158,S13,柃木,0.3,P,N,Y,Y
158,S15,柃木,0.72,P,N,Y,Y
158,S18,柃木,0.09,P,N,Y,Y
158,S28,柃木,0.15,P,N,Y,Y
158,S29,柃木,0.08,P,N,Y,Y
158,S32,柃木,0.1,P,N,Y,Y
158,S34,柃木,0.18,P,N,Y,Y
158,S36,柃木,0.18,P,N,Y,Y
158,S16,平户杜鹃,1.2,P,N,Y,Y
158,S19,平户杜鹃,0.5,P,N,Y,Y
159,S02,冬青卫矛,0.9,P,N,N,N
159,S03,网脉丁香,0.6,P,N,N,N
159,S01,鸡爪槭,0.9,P,N,N,N
159,S04,南天竹,0.36,P,N,N,N
159,S09,南天竹,1.2,P,N,N,N
159,S07,女贞,0.6,P,N,N,N
159,S08,平户杜鹃,0.72,P,N,N,N
159,S10,青冈,1.6,P,N,N,N
159,S05,青木,0.9,P,N,N,N
159,S06,洋火棘,0.48,P,N,N,N
161,S01,皋月杜鹃,6.5,P,N,N,N
161,S02,皋月杜鹃,4.5,P,N,N,N
163,S07,香椿,0.9,S,N,Y,N
163,S10,洋火棘,1.08,S,N,Y,Y
163,S11,南天竹,0.36,S,N,Y,Y
163,S12,南天竹,0.81,S,N,Y,Y
163,S06,桑,1.56,P,N,Y,Y
163,S05,糙叶树,0.81,P,N,Y,Y
163,S09,南天竹,1.44,P,N,Y,Y
163,S01,平户杜鹃,2.94,P,N,Y,Y
163,S02,平户杜鹃,5.04,P,N,Y,Y
163,S03,平户杜鹃,0.72,P,N,Y,Y
163,S04,平户杜鹃,3.6,P,N,Y,Y
163,S08,平户杜鹃,8.26,P,N,Y,Y
164,S02,合欢,3.6,S,N,N,N
164,S01,乌桕,0.84,S,N,N,N
165,S21,绣球,0.25,P,Y,N,N
165,S30,绣球,0.09,P,Y,N,N
165,S22,赤松,0.09,P,Y,N,N
165,S29,赤松,0.15,P,Y,N,N
165,S23,矮棕竹,0.25,P,Y,N,N
165,S25,富宁槭,0.36,P,Y,N,N
165,S24,木犀,1,P,Y,N,N
165,S26,山茶,0.64,P,N,N,N
165,S28,台湾吊钟花,1.44,P,N,N,N
165,S32,台湾吊钟花,1.44,P,N,N,N
165,S33,台湾吊钟花,1.44,P,N,N,N
165,S01,茶梅,6.5,P,N,N,N
165,S04,茶梅,1.8,P,N,N,N
165,S03,齿叶冬青,1,P,N,N,N
165,S06,齿叶冬青,1.21,P,N,N,N
165,S08,齿叶冬青,0.64,P,N,N,N
165,S10,齿叶冬青,1.32,P,N,N,N
165,S12,齿叶冬青,1,P,N,N,N
165,S14,齿叶冬青,1,P,N,N,N
165,S16,齿叶冬青,1.21,P,N,N,N
165,S18,齿叶冬青,0.81,P,N,N,N
165,S05,皋月杜鹃,1.21,P,N,N,N
165,S07,皋月杜鹃,1.43,P,N,N,N
165,S09,皋月杜鹃,1.21,P,N,N,N
165,S11,皋月杜鹃,1.43,P,N,N,N
165,S13,皋月杜鹃,1.32,P,N,N,N
165,S34,皋月杜鹃,0.9,P,N,N,N
165,S27,鸡爪槭,1.32,P,N,N,N
165,S02,南天竹,1,P,N,N,N
165,S15,平户杜鹃,0.81,P,N,N,N
165,S17,平户杜鹃,1.35,P,N,N,N
165,S19,平户杜鹃,1.5,P,N,N,N
165,S31,青木,1,P,N,N,N
167,S01,滨柃,1,P,N,Y,N
167,S02,滨柃,1,P,N,Y,N
167,S03,滨柃,1,P,N,Y,N
167,S04,滨柃,1.3,P,N,Y,N
167,S05,滨柃,6.3,P,N,Y,N
167,S07,金钟花,1.56,P,N,Y,Y
167,S12,粉花绣线菊,0.04,P,N,Y,Y
167,S13,粉花绣线菊,0.06,P,N,Y,Y
167,S06,茶梅,1.56,P,N,Y,Y
167,S08,茶梅,0.45,P,N,Y,Y
167,S11,茶梅,0.45,P,N,Y,Y
167,S09,石斑木,0.25,P,N,Y,Y
167,S10,石斑木,0.75,P,N,Y,Y
171,S02,南天竹,0.09,S,N,N,N
171,S01,朴树,0.16,S,N,N,N
171,S03,朴树,0.3,S,N,N,N
172,S01,紫薇,0.42,P,N,Y,N
172,S02,紫薇,0.42,P,N,Y,N
172,S03,紫薇,0.36,P,N,Y,N
172,S04,紫薇,0.16,P,N,Y,N
172,S05,紫薇,0.09,P,N,Y,N
172,S06,紫薇,0.09,P,N,Y,N
172,S07,紫薇,0.09,P,N,Y,N
172,S08,紫薇,0.04,P,N,Y,N
172,S09,紫薇,0.04,P,N,Y,N
172,S10,紫薇,0.04,P,N,Y,N
172,S11,紫薇,0.105,P,N,Y,N
175,S01,南天竹,0.36,P,Y,N,N
175,S02,矮棕竹,0.25,P,Y,N,N
175,S03,南天竹,0.09,P,Y,N,N
175,S04,大果柏,0.09,P,N,N,N
175,S05,大果柏,0.16,P,N,N,N
175,S06,月桂,1,P,N,N,N
175,S07,银叶桉,1,P,N,N,N
176,S01,红豆杉,0.04,P,Y,N,N
176,S02,红豆杉,1.44,P,Y,N,N
176,S03,矮棕竹,1.21,P,Y,N,N
176,S04,海南龙血树,0.49,P,Y,N,N
176,S16,海南龙血树,0.18,P,Y,N,N
176,S11,绣球,0.25,P,Y,N,N
176,S14,绣球,0.09,P,Y,N,N
176,S12,洋火棘,0.04,P,Y,N,N
176,S13,迷迭香,0.2025,P,Y,N,N
176,S09,厚皮香,1,P,Y,N,N
176,S15,南天竹,0.09,P,Y,N,N
176,S10,栀子,0.6,P,Y,N,N
176,S05,平户杜鹃,0.3025,P,N,N,N
176,S07,鹅掌柴,1,P,N,N,N
176,S06,光叶石楠,0.09,P,N,N,N
176,S08,南天竹,0.12,P,N,N,N
177,S09,月季花,0.09,S,N,Y,N
177,S02,朴树,0.18,S,N,Y,N
177,S03,朴树,0.09,S,N,Y,N
177,S04,朴树,0.18,S,N,Y,N
177,S06,朴树,0.09,S,N,Y,N
177,S07,朴树,0.12,S,N,Y,N
177,S05,久留美杜鹃,0.09,P,N,Y,N
177,S08,绣球,0.84,P,N,Y,N
177,S10,皋月杜鹃,1.08,P,N,Y,N
177,S11,皋月杜鹃,1.62,P,N,Y,N
177,S01,平户杜鹃,5.4,P,N,Y,N
179,S01,海南龙血树,0.24,P,Y,N,N
183,S15,山茶,0.49,P,N,N,N
183,S01,迷迭香,0.36,P,N,N,N
183,S02,宽苞十大功劳,0.15,P,N,N,N
183,S03,宽苞十大功劳,0.105,P,N,N,N
183,S05,宽苞十大功劳,0.16,P,N,N,N
183,S06,宽苞十大功劳,0.2025,P,N,N,N
183,S09,宽苞十大功劳,0.16,P,N,N,N
183,S04,散尾葵,0.16,P,N,N,N
183,S07,散尾葵,0.16,P,N,N,N
183,S08,散尾葵,0.16,P,N,N,N
183,S10,散尾葵,0.16,P,N,N,N
183,S11,栎叶绣球,1.44,P,N,N,N
183,S16,齿叶冬青,0.1,P,N,N,N
183,S14,南天竹,0.36,P,N,N,N
183,S17,南天竹,0.25,P,N,N,N
183,S18,南天竹,0.25,P,N,N,N
183,S12,笆,0.09,P,N,N,N
183,S13,朱砂根,0.09,P,N,N,N
185,S13,圆柏,0.16,P,N,N,N
185,S14,圆柏,0.24,P,N,N,N
185,S17,圆柏,0.25,P,N,N,N
185,S01,栎叶绣球,1,P,N,N,N
185,S02,燕子掌,0.09,P,N,N,N
185,S09,日本花柏,0.4,P,N,N,N
185,S10,木香花,0.04,P,N,N,N
185,S12,皋月杜鹃,0.16,P,N,N,N
185,S15,洋火棘,0.16,P,N,N,N
185,S11,糙叶树,0.09,P,N,N,N
185,S05,皋月杜鹃,0.25,P,N,N,N
185,S04,光叶石楠,4,P,N,N,N
185,S07,光叶石楠,5.5,P,N,N,N
185,S08,南天竹,0.16,P,N,N,N
185,S16,南天竹,0.16,P,N,N,N
185,S03,平户杜鹃,1.44,P,N,N,N
185,S06,平户杜鹃,1.44,P,N,N,N
187,S02,月季花,0.16,P,Y,N,N
187,S22,月季花,0.105,P,Y,N,N
187,S03,白棠子树,0.25,P,Y,N,N
187,S04,菊花,1,P,Y,N,N
187,S18,绣球,0.09,P,Y,N,N
187,S25,绣球,0.16,P,Y,N,N
187,S24,铁冬青,0.16,P,Y,N,N
187,S15,薄荷,0.16,P,Y,N,N
187,S14,木犀榄,0.04,P,Y,N,N
187,S19,南天竹,0.05,P,Y,N,N
187,S01,南天竹,0.16,P,Y,N,N
187,S17,南天竹,0.49,P,Y,N,N
187,S20,南天竹,0.09,P,Y,N,N
187,S23,南天竹,0.09,P,Y,N,N
187,S21,柿,0.04,P,Y,N,N
187,S05,月季花,0.16,P,N,N,N
187,S10,月季花,0.0225,P,N,N,N
187,S16,珍珠绣线菊,0.56,P,N,N,N
187,S06,齿叶冬青,0.49,P,N,N,N
187,S07,齿叶冬青,0.36,P,N,N,N
187,S08,齿叶冬青,0.16,P,N,N,N
187,S09,齿叶冬青,0.09,P,N,N,N
187,S11,马缨丹,0.25,P,N,N,N
187,S12,洋常春藤,0.18,P,N,N,N
187,S13,洋常春藤,0.09,P,N,N,N
188,S17,糙叶树,0.63,S ,N,N,N
188,S01,冬青卫矛,0.06,P,Y,N,N
188,S02,绣球,0.36,P,Y,N,N
188,S03,月季花,0.36,P,Y,N,N
188,S04,香橙,0.09,P,Y,N,N
188,S05,无花果,0.8,P,Y,N,N
188,S11,染井吉野樱,0.04,P,Y,N,N
188,S14,洋火棘,0.16,P,Y,N,N
188,S15,木香花,0.16,P,Y,N,N
188,S09,皋月杜鹃,1,P,Y,N,N
188,S10,皋月杜鹃,0.25,P,Y,N,N
188,S07,胡椒木,0.08,P,Y,N,N
188,S12,南天竹,0.06,P,Y,N,N
188,S06,台湾十大功劳,0.36,P,Y,N,N
188,S08,洋常春藤,0.08,P,Y,N,N
188,S13,洋常春藤,0.09,P,Y,N,N
188,S16,南天竹,3.96,P,N,N,N
188,S18,南天竹,0.72,P,N,N,N
188,S19,南天竹,0.42,P,N,N,N
189,S04,皱皮木瓜,0.04,P,Y,N,N
189,S05,染井吉野樱,0.12,P,Y,N,N
189,S06,常绿钩吻藤,0.25,P,Y,N,N
189,S01,鹅掌柴,0.04,P,Y,N,N
189,S03,朱砂根,0.06,P,Y,N,N
189,S02,南天竹,0.12,P,N,N,N
191,S12,海南龙血树,0.36,P,N,N,N
191,S01,皋月杜鹃,0.12,P,N,N,N
191,S02,皋月杜鹃,1.44,P,N,N,N
191,S03,皋月杜鹃,0.16,P,N,N,N
191,S04,皋月杜鹃,0.18,P,N,N,N
191,S05,皋月杜鹃,0.1,P,N,N,N
191,S06,皋月杜鹃,0.03,P,N,N,N
191,S07,皋月杜鹃,0.25,P,N,N,N
193,S03,冬青卫矛,0.09,P,N,N,N
193,S04,八角金盘,0.36,P,N,N,N
193,S05,光叶石楠,0.25,P,N,N,N
193,S01,木犀,0.36,P,N,N,N
193,S06,木犀,0.09,P,N,N,N
193,S02,山茶,0.56,P,N,N,N
198,S08,齿叶木犀,0.12,P,Y,N,N
198,S02,光蜡树,0.36,P,Y,N,N
198,S04,光蜡树,0.09,P,Y,N,N
198,S05,珍珠绣线菊,0.09,P,Y,N,N
198,S07,粉团,0.36,P,Y,N,N
198,S09,落基山圆柏,0.04,P,Y,N,N
198,S10,大果柏,0.04,P,Y,N,N
198,S06,南天竹,0.09,P,Y,N,N
198,S03,日本栗,0.04,P,Y,N,N
198,S11,木犀榄,0.24,P,N,N,N
198,S12,木犀榄,0.16,P,N,N,N
198,S01,南天竹,0.24,P,N,N,N
199,S02,鹅掌柴,1,P,Y,N,N
199,S01,苏铁,1.21,P,Y,N,N
201,S01,榉树,2.25,S,N,N,N
201,S02,榉树,6,S,N,N,N
201,S05,榉树,1.95,S,N,N,N
201,S03,朴树,0.36,S,N,N,N
201,S04,银杏,0.04,S,N,N,N
202,S12,假连翘,0.81,P,Y,N,N
202,S14,鳄梨,0.04,P,Y,N,N
202,S15,常绿钩吻藤,0.16,P,Y,N,N
202,S16,蓝桉,0.09,P,Y,N,N
202,S17,大狐柳,0.36,P,Y,N,N
202,S11,南天竹,0.2,P,Y,N,N
202,S13,绣球,0.09,P,Y,N,N
202,S09,久留美杜鹃,0.06,P,N,N,N
202,S03,茶梅,1,P,N,N,N
202,S04,茶梅,1.44,P,N,N,N
202,S07,茶梅,1,P,N,N,N
202,S01,皋月杜鹃,1.28,P,N,N,N
202,S02,南天竹,0.25,P,N,N,N
202,S10,平户杜鹃,0.36,P,N,N,N
202,S06,桃,1.8,P,N,N,N
202,S08,桃,0.36,P,N,N,N
202,S05,香橙,0.25,P,N,N,N
204,S01,染井吉野樱,2.25,S,N,Y,N
204,S02,染井吉野樱,2.25,S,N,Y,N
204,S14,染井吉野樱,2.25,S,N,Y,N
204,S15,染井吉野樱,1,S,N,Y,N
204,S17,染井吉野樱,4.8,S,N,Y,N
204,S05,珍珠绣线菊,1.44,P,N,Y,N
204,S06,珍珠绣线菊,1.8,P,N,Y,N
204,S07,珍珠绣线菊,11.52,P,N,Y,N
204,S11,日本胡枝子,2.25,P,N,Y,N
204,S12,日本胡枝子,2.25,P,N,Y,N
204,S13,日本胡枝子,5.4,P,N,Y,N
204,S16,大花六道木,1.7,P,N,Y,N
204,S18,大花六道木,3,P,N,Y,N
204,S25,大花六道木,0.36,P,N,Y,N
204,S03,平户杜鹃,0.81,P,N,Y,N
204,S04,平户杜鹃,1,P,N,Y,N
204,S09,糙叶树,0.3,S,N,Y,Y
204,S10,楝,0.18,S,N,Y,Y
204,S08,朴树,1.2,S,N,Y,Y
204,S26,朴树,0.09,S,N,Y,Y
204,S19,染井吉野樱,0.25,S,N,Y,Y
204,S21,染井吉野樱,1.25,S,N,Y,Y
204,S23,染井吉野樱,0.28,S,N,Y,Y
204,S20,平户杜鹃,1.53,P,N,Y,Y
204,S22,平户杜鹃,0.48,P,N,Y,Y
204,S24,平户杜鹃,0.3,P,N,Y,Y
204,S27,平户杜鹃,0.18,P,N,Y,Y
206,S07,海南龙血树,0.16,P,Y,N,N
206,S01,南天竹,0.56,P,Y,N,N
206,S02,月季花,1.2,P,N,N,N
206,S04,月季花,0.49,P,N,N,N
206,S03,萨哈林云杉,0.49,P,N,N,N
206,S05,女贞,1.2,P,N,N,N
206,S06,台湾十大功劳,0.26,P,N,N,N
208,S02,南天竹,0.25,P,N,N,N
208,S01,青木,0.64,P,N,N,N
209,S02,石斑木,0.36,P,N,Y,N
209,S01,南天竹,0.54,P,N,Y,N
209,S03,南天竹,0.6,P,N,Y,N
210,S08,糙叶树,0.25,S,N,N,N
210,S07,日本胡枝子,0.24,P,Y,N,N
210,S10,皋月杜鹃,0.0625,P,Y,N,N
210,S09,月季花,0.64,P,N,N,N
210,S06,富宁槭,1,P,N,N,N
210,S02,木槿,1.21,P,N,N,N
210,S01,平户杜鹃,1.21,P,N,N,N
210,S03,平户杜鹃,1,P,N,N,N
210,S05,平户杜鹃,1.08,P,N,N,N
210,S04,山茶,2.25,P,N,N,N
213,S06,冬青卫矛,6,S,N,N,N
213,S07,楝,0.64,S,N,N,N
213,S10,朴树,1.96,S,N,N,N
213,S01,染井吉野樱,0.36,P,Y,N,N
213,S04,染井吉野樱,0.16,P,Y,N,N
213,S02,多花紫藤,0.25,P,Y,N,N
213,S03,冬青卫矛,0.09,P,Y,N,N
213,S08,金钟花,0.0225,P,Y,N,N
213,S05,南天竹,0.09,P,Y,N,N
213,S09,南天竹,0.1225,P,Y,N,N
214,S01,木芙蓉,2.56,S,N,N,N
217,S02,石斑木,0.09,P,Y,N,N
217,S08,绣球,0.36,P,Y,N,N
217,S07,鹅掌柴,2.04,P,Y,N,N
217,S01,鸡爪槭,0.06,P,Y,N,N
217,S03,鸡爪槭,0.36,P,Y,N,N
217,S06,南天竹,0.09,P,Y,N,N
217,S04,香橙,0.105,P,Y,N,N
217,S05,紫薇,0.04,P,Y,N,N
219,S07,大花六道木,1,P,N,Y,N
219,S05,平户杜鹃,1.2,P,N,Y,N
219,S06,平户杜鹃,0.18,P,N,Y,N
219,S01,棕榈,1.21,P,N,Y,N
219,S02,棕榈,0.81,P,N,Y,N
219,S03,棕榈,2.72,P,N,Y,N
219,S04,糙叶树,0.49,S ,N,N,N
221,S01,皋月杜鹃,1.75,P,N,N,N
225,S02,朴树,2.25,S ,N,Y,N
225,S01,皋月杜鹃,2.25,P,N,Y,N
230,S02,绣球,0.16,P,Y,N,N
230,S03,月季花,0.48,P,Y,N,N
230,S05,大果柏,0.0875,P,Y,N,N
230,S07,蓝雪花,0.24,P,Y,N,N
230,S01,鹅掌柴,0.64,P,Y,N,N
230,S06,鸡爪槭,0.81,P,Y,N,N
230,S04,木槿,0.09,P,Y,N,N
230,S08,栀子,0.09,P,Y,N,N
230,S09,栀子,0.09,P,Y,N,N
234,S02,小蜡,0.36,P,N,N,N
234,S04,小蜡,0.16,P,N,N,N
234,S03,日本花柏,0.1,P,N,N,N
234,S06,日本花柏,0.18,P,N,N,N
234,S07,日本花柏,0.18,P,N,N,N
234,S09,日本花柏,0.3,P,N,N,N
234,S01,南天竹,0.09,P,N,N,N
234,S08,南天竹,0.36,P,N,N,N
234,S10,南天竹,0.27,P,N,N,N
234,S05,南天竹,0.075,P,N,N,N
237,S02,大果柏,0.09,P,Y,N,N
237,S03,大果柏,0.09,P,Y,N,N
237,S04,大果柏,0.09,P,Y,N,N
237,S06,绣球,0.1225,P,Y,N,N
237,S07,网脉丁香,0.075,P,Y,N,N
237,S08,矮棕竹,0.16,P,Y,N,N
237,S09,日本扁柏,0.09,P,Y,N,N
237,S10,柃木,0.25,P,Y,N,N
237,S11,柃木,0.25,P,Y,N,N
237,S01,木犀榄,0.25,P,Y,N,N
237,S05,南天竹,0.09,P,Y,N,N
237,S12,皋月杜鹃,1,P,N,N,N
239,S04,圆柏,0.16,P,Y,N,N
239,S05,大果柏,0.04,P,Y,N,N
239,S01,马缨丹,2.89,P,N,N,N
239,S02,马缨丹,0.36,P,N,N,N
239,S03,南天竹,0.96,P,N,N,N
239,S06,南天竹,0.96,P,N,N,N
244,1,大叶胡颓子,0.24,P,Y,N,N
244,2,红萼苘麻,0.25,P,Y,N,N
245,S07,野梧桐,2.5,S,N,Y,N
245,S13,野梧桐,0.16,S,N,Y,N
245,S14,野梧桐,0.49,S,N,Y,N
245,S11,楝,0.0625,S,N,Y,N
245,S16,楝,0.49,S,N,Y,N
245,S10,女贞,0.3,S,N,Y,N
245,S09,朴树,3.12,S,N,Y,N
245,S12,朴树,0.06,S,N,Y,N
245,S15,乌桕,1.96,S,N,Y,N
245,S02,野梧桐,0.42,S,N,Y,Y
245,S03,野梧桐,0.72,S,N,Y,Y
245,S06,野梧桐,0.18,S,N,Y,Y
245,S08,野梧桐,0.49,S,N,Y,Y
245,S04,楝,1.69,S,N,Y,Y
245,S01,乌桕,0.36,S,N,Y,Y
245,S05,樟树,0.42,S,N,Y,Y
255,S01,朴树,0.09,S,N,N,N
255,S02,樟树,0.12,S,N,N,N
255,S04,迷迭香,1.5,P,N,N,N
255,S03,平户杜鹃,3,P,N,N,N
255,S05,平户杜鹃,0.045,P,N,N,N
259,S12,南天竹,0.3,S,N,N,N
259,S04,楝,0.25,P,Y,N,N
259,S05,楝,0.3,P,Y,N,N
259,S06,楝,0.25,P,Y,N,N
259,S08,南天竹,0.16,P,Y,N,N
259,S09,南天竹,0.04,P,Y,N,N
259,S10,南天竹,0.3,P,Y,N,N
259,S07,女贞,0.35,P,Y,N,N
259,S11,山茶,0.9,P,N,N,N
259,S13,山茶,0.09,P,N,N,N
259,S01,鸡爪槭,0.2,P,N,N,N
259,S02,南天竹,0.36,P,N,N,N
259,S03,南天竹,0.2,P,N,N,N
261,S01,洋火棘,0.0225,P,N,N,N
264,S02,朴树,0.05,S,N,Y,N
264,S01,珊瑚树,0.36,P,N,Y,N
269,S01,贝利氏相思,0.25,P,Y,N,N
270,S09,木芙蓉,0.72,S,N,N,N
270,S14,洋火棘,0.18,P,Y,N,N
270,S15,铁冬青,0.36,P,Y,N,N
270,S19,久留美杜鹃,0.16,P,Y,N,N
270,S20,铁冬青,0.3,P,Y,N,N
270,S21,木槿,0.25,P,Y,N,N
270,S06,月季花,0.25,P,Y,N,N
270,S11,木瓜,0.09,P,Y,N,N
270,S12,大果柏,0.16,P,Y,N,N
270,S13,圆柏,0.04,P,Y,N,N
270,S16,圆柏,0.09,P,Y,N,N
270,S18,八角金盘,0.2,P,Y,N,N
270,S07,皋月杜鹃,0.25,P,Y,N,N
270,S10,南天竹,0.25,P,Y,N,N
270,S08,绣球,0.04,P,Y,N,N
270,S01,绣球,0.88,P,N,N,N
270,S05,绣球,0.8,P,N,N,N
270,S02,马醉木,0.09,P,N,N,N
270,S03,茶梅,0.35,P,N,N,N
270,S04,卫矛,0.45,P,N,N,N
270,S17,南天竹,0.8,P,N,N,N
274,S01,弗吉尼亚甜菊,0.32,P,N,N,N
274,S02,罗汉松,0.02,P,N,N,N
274,S03,木槿,0.0225,P,N,N,N
276,S02,假连翘,0.48,P,Y,N,N
276,S04,麒麟吐珠,0.09,P,Y,N,N
276,S05,柃木,0.16,P,Y,N,N
276,S01,南天竹,0.16,P,Y,N,N
276,S03,南天竹,0.09,P,Y,N,N
276,S06,南天竹,0.09,P,Y,N,N
279,S03,木犀,6,P,N,N,N
279,S04,南天竹,11.7,P,N,N,N
279,S01,平户杜鹃,1,P,N,N,N
279,S02,平户杜鹃,1,P,N,N,N
281,S01,矮棕竹,0.08,P,Y,N,N
281,S06,金柑,0.16,P,Y,N,N
281,S09,鹅掌柴,1.44,P,Y,N,N
281,S04,木犀,0.2,P,Y,N,N
281,S07,南天竹,1,P,Y,N,N
281,S08,南天竹,1,P,Y,N,N
281,S05,台湾十大功劳,0.42,P,Y,N,N
281,S03,朱砂根,0.04,P,Y,N,N
281,S02,台湾十大功劳,0.6,P,N,N,N
283,S01,栀子,1,P,Y,N,N
283,S05,秋海棠,0.075,P,Y,N,N
283,S02,瑞香,0.135,P,N,N,N
283,S04,瑞香,0.33,P,N,N,N
283,S07,南天竹,0.25,P,N,N,N
283,S03,天竺葵,0.1575,P,N,N,N
283,S06,天竺葵,0.16,P,N,N,N
284,S02,皋月杜鹃,6.4,P,N,N,N
284,S01,台湾十大功劳,1.44,P,N,N,N
285,S13,山茶,0.36,P,N,Y,N
285,S08,日本商陆,0.15,P,N,Y,N
285,S10,虎杖,5.4,P,N,Y,N
285,S11,虎杖,0.24,P,N,Y,N
285,S12,虎杖,1.8,P,N,Y,N
285,S06,皋月杜鹃,0.15,P,N,Y,N
285,S07,皋月杜鹃,0.04,P,N,Y,N
285,S09,栀子,0.5,P,N,Y,N
285,S01,大花六道木,0.72,P,N,N,N
285,S02,大花六道木,0.6,P,N,N,N
285,S03,台湾十大功劳,0.45,P,N,N,N
285,S04,台湾十大功劳,0.09,P,N,N,N
285,S05,台湾十大功劳,0.2,P,N,N,N
286,S02,袖珍椰子,0.18,P,Y,N,N
286,S03,袖珍椰子,0.16,P,Y,N,N
286,S04,花叶常春藤,0.06,P,Y,N,N
286,S01,南天竹,0.3,P,Y,N,N
293,S10,青木,0.09,P,Y,N,N
293,S11,青木,0.04,P,Y,N,N
293,S14,青木,0.36,P,Y,N,N
293,S03,矮棕竹,0.12,P,Y,N,N
293,S04,木槿,0.25,P,Y,N,N
293,S15,木槿,0.09,P,Y,N,N
293,S05,花叶冷水花,0.3,P,Y,N,N
293,S19,花叶冷水花,0.05,P,Y,N,N
293,S06,绣球,0.16,P,Y,N,N
293,S20,绣球,0.09,P,Y,N,N
293,S08,久留美杜鹃,0.16,P,Y,N,N
293,S13,薄荷,0.08,P,Y,N,N
293,S17,侧柏,0.09,P,Y,N,N
293,S18,珍珠绣线菊,0.16,P,Y,N,N
293,S16,鹅掌柴,0.12,P,Y,N,N
293,S12,鸡爪槭,0.09,P,Y,N,N
293,S02,南天竹,0.25,P,Y,N,N
293,S07,南天竹,0.56,P,Y,N,N
293,S09,苏铁,1.69,P,Y,N,N
293,S01,笆,0.24,P,Y,N,N
297,S01,胡颓子,0.84,P,N,Y,N
297,S03,胡颓子,5.88,P,N,Y,N
297,S04,胡颓子,2.4,P,N,Y,N
297,S06,胡颓子,2.38,P,N,Y,N
297,S02,珍珠绣线菊,2.24,P,N,Y,N
297,S08,锦鸡儿,0.16,P,N,Y,N
297,S09,大花六道木,7.2,P,N,Y,N
297,S07,朴树,0.16,P,N,Y,N
297,S10,青冈,8.28,P,N,Y,N
297,S05,栀子,2.1,P,N,Y,N
298,S01,山茶,1.8,P,N,N,N
298,S02,南天竹,1.44,P,N,N,N
298,S03,栀子,0.25,P,N,N,N
299,S02,平户杜鹃,2.16,P,N,Y,Y
299,S01,平户杜鹃,8.64,P,N,Y,Y
299,S03,平户杜鹃,1.8,P,N,Y,Y
299,S04,平户杜鹃,2.64,P,N,Y,Y
300,S03,石斑木,4.2,P,N,Y,Y
300,S04,石斑木,0.3,P,N,Y,Y
300,S02,石斑木,0.42,P,N,Y,Y
300,S01,六月雪,0.25,P,N,Y,Y
301,S01,芍药,0.2,P,Y,N,N
301,S02,鹅掌柴,0.36,P,Y,N,N
301,S08,鹅掌柴,0.36,P,Y,N,N
301,S03,大叶早樱,0.09,P,Y,N,N
301,S04,绣球,0.12,P,Y,N,N
301,S06,大果柏,0.27,P,Y,N,N
301,S07,栎叶绣球,0.09,P,Y,N,N
301,S09,草珊瑚,0.09,P,Y,N,N
301,S10,假连翘,2.4,P,Y,N,N
301,S11,月季花,0.36,P,Y,N,N
301,S05,木犀榄,0.36,P,Y,N,N
303,S02,山茶,1,P,N,Y,N
303,S07,山茶,1,P,N,Y,N
303,S08,山茶,0.9,P,N,Y,N
303,S09,山茶,1,P,N,Y,N
303,S11,大果柏,2.1,P,N,Y,N
303,S10,八角金盘,1.3,P,N,Y,N
303,S13,皋月杜鹃,1.35,P,N,Y,N
303,S04,马醉木,0.49,P,N,Y,N
303,S05,马醉木,0.49,P,N,Y,N
303,S06,马醉木,0.49,P,N,Y,N
303,S01,日本黄杨,0.6,P,N,Y,N
303,S12,台湾十大功劳,5.04,P,N,Y,N
303,S03,栀子,1.44,P,N,Y,N
305,S01,南天竹,2.25,P,N,Y,N
305,S02,南天竹,2.25,P,N,Y,N
305,S03,南天竹,2.25,P,N,Y,N
305,S04,南天竹,2.25,P,N,Y,N
305,S05,南天竹,2.25,P,N,Y,N
307,S04,石斑木,0.18,S,N,N,N
307,S01,楝,0.63,S,N,N,N
307,S05,楝,0.16,S,N,N,N
307,S02,南天竹,0.49,S,N,N,N
307,S03,樟树,0.09,S,N,N,N
307,S08,海南龙血树,0.36,P,N,N,N
307,S09,月季花,0.72,P,N,N,N
307,S06,齿叶冬青,1.44,P,N,N,N
307,S07,齿叶冬青,1.44,P,N,N,N
307,S11,齿叶冬青,0.81,P,N,N,N
307,S12,齿叶冬青,0.4,P,N,N,N
307,S13,齿叶冬青,1.08,P,N,N,N
307,S10,皋月杜鹃,0.48,P,N,N,N
307,S14,皋月杜鹃,1.4,P,N,N,N
309,S17,蟹爪兰,0.09,P,Y,N,N
309,S25,蟹爪兰,0.06,P,Y,N,N
309,S21,南紫薇,0.09,P,Y,N,N
309,S22,交让木,0.0225,P,Y,N,N
309,S26,鹅掌柴,0.7,P,Y,N,N
309,S28,草珊瑚,0.09,P,Y,N,N
309,S05,月季花,0.18,P,Y,N,N
309,S08,胡椒木,0.09,P,Y,N,N
309,S09,月季花,0.12,P,Y,N,N
309,S10,燕子掌,0.49,P,Y,N,N
309,S11,燕子掌,0.9,P,Y,N,N
309,S20,燕子掌,0.16,P,Y,N,N
309,S13,月季花,0.09,P,Y,N,N
309,S14,南非万寿菊,0.04,P,Y,N,N
309,S16,月季花,0.12,P,Y,N,N
309,S19,鸡爪槭,0.03,P,Y,N,N
309,S03,南天竹,0.12,P,Y,N,N
309,S06,南天竹,0.16,P,Y,N,N
309,S07,南天竹,0.09,P,Y,N,N
309,S12,南天竹,0.09,P,Y,N,N
309,S15,南天竹,0.09,P,Y,N,N
309,S27,南天竹,0.25,P,Y,N,N
309,S18,平户杜鹃,0.09,P,Y,N,N
309,S04,鸳鸯茉莉,0.25,P,Y,N,N
309,S23,朱砂根,0.0225,P,Y,N,N
309,S24,朱砂根,0.01,P,Y,N,N
309,S01,七叶一枝花,0.15,P,N,N,N
309,S02,木犀榄,0.3,P,N,N,N
311,S01,牡丹,0.16,P,N,Y,N
311,S02,山茶,0.42,P,N,Y,N
311,S04,茶梅,0.42,P,N,Y,N
311,S08,十大功劳,0.06,P,N,Y,N
311,S09,六月雪,0.09,P,N,Y,N
311,S10,六月雪,0.09,P,N,Y,N
311,S11,皋月杜鹃,0.36,P,N,Y,N
311,S05,平户杜鹃,1,P,N,Y,N
311,S06,平户杜鹃,1,P,N,Y,N
311,S03,青冈,0.6,P,N,Y,N
311,S07,朱砂根,0.04,P,N,Y,N
313,S01,平户杜鹃,3.3,P,N,Y,Y
317,S01,亚洲络石,0.18,P,N,N,N
317,S02,山茶,0.045,P,N,N,N
317,S03,鸡爪槭,0.96,P,N,N,N
318,S07,大花六道木,1.5,P,N,N,N
318,S04,皋月杜鹃,0.48,P,N,N,N
318,S02,柃木,0.09,P,N,N,N
318,S03,柃木,0.25,P,N,N,N
318,S01,南天竹,0.09,P,N,N,N
318,S05,小蜡,0.3,P,N,N,N
318,S06,小蜡,0.45,P,N,N,N
321,S01,朴树,0.16,S,N,Y,N
326,S19,鸡爪槭,0.0056,S,N,N,N
326,S22,鸡爪槭,0.0025,S,N,N,N
326,S11,女贞,0.06,S,N,N,N
326,S12,富宁槭,0.12,S,N,N,N
326,S16,富宁槭,0.01,S,N,N,N
326,S17,富宁槭,0.015,S,N,N,N
326,S18,富宁槭,0.01,S,N,N,N
326,S15,朱砂根,0.04,S,N,N,N
326,S21,朱砂根,0.01,S,N,N,N
326,S20,南天竹,0.12,S,N,N,N
326,S23,南天竹,0.12,S,N,N,N
326,S13,朴树,0.04,S,N,N,N
326,S14,朴树,0.0225,S,N,N,N
326,S24,南天竹,0.64,P,Y,N,N
326,S01,金丝梅,4.5,P,N,N,N
326,S02,台湾吊钟花,0.09,P,N,N,N
326,S03,马醉木,0.12,P,N,N,N
326,S04,马醉木,0.2,P,N,N,N
326,S09,鸡爪槭,0.09,P,N,N,N
326,S10,女贞,0.04,P,N,N,N
326,S06,八角金盘,0.18,P,N,N,N
326,S05,南天竹,0.25,P,N,N,N
326,S07,南天竹,0.09,P,N,N,N
326,S08,南天竹,0.09,P,N,N,N
327,S06,山茶,0.09,P,Y,N,N
327,S05,矮棕竹,0.2,P,Y,N,N
327,S03,南天竹,0.05,P,Y,N,N
327,S02,山茶,1,P,N,N,N
327,S01,绣球,0.49,P,N,N,N
327,S08,珍珠绣线菊,1,P,N,N,N
327,S09,厚皮香,0.81,P,N,N,N
327,S04,南天竹,0.42,P,N,N,N
327,S07,紫薇,0.42,P,N,N,N
329,S10,大花六道木,2.4,P,N,N,N
329,S07,皋月杜鹃,0.12,P,N,N,N
329,S08,石斑木,1.56,P,N,N,N
329,S06,南天竹,0.49,P,N,N,N
329,S09,平户杜鹃,0.15,P,N,N,N
329,S05,绣球,0.49,P,N,N,N
329,S02,大花六道木,0.36,P,N,Y,Y
329,S01,大花六道木,1.12,P,N,Y,Y
329,S03,大花六道木,0.72,P,N,Y,Y
329,S04,大花六道木,1.2,P,N,Y,Y
331,S01,鹅掌柴,0.6,P,Y,N,N
331,S03,绣球,0.12,P,N,N,N
331,S04,紫薇,0.36,P,N,N,N
331,S02,洋常春藤,1.69,P,N,N,N
332,S02,绣球,0.09,P,Y,N,N
332,S06,亚洲络石,0.1225,P,Y,N,N
332,S07,天竺葵,0.3,P,Y,N,N
332,S04,齿叶冬青,0.12,P,N,N,N
332,S05,皋月杜鹃,0.9,P,N,N,N
332,S01,南天竹,0.09,P,N,N,N
332,S03,南天竹,0.3,P,N,N,N
334,S01,皋月杜鹃,0.09,P,N,N,N
334,S02,皋月杜鹃,0.09,P,N,N,N
334,S04,圆柏,2.25,P,N,Y,Y
334,S03,石斑木,0.45,P,N,Y,Y
334,S05,平户杜鹃,2.72,P,N,Y,Y
338,S02,糙叶树,0.05,S,N,N,N
338,S04,鳄梨,0.09,P,Y,N,N
338,S03,青木,1,P,Y,N,N
338,S05,石斑木,3,P,N,N,N
338,S01,南天竹,0.0625,P,N,N,N
343,S14,山茶,0.04,P,Y,N,N
343,S01,南天竹,0.08,P,Y,N,N
343,S02,南天竹,0.12,P,Y,N,N
343,S04,绣球,0.125,P,Y,N,N
343,S10,绣球,0.25,P,Y,N,N
343,S12,绣球,0.09,P,Y,N,N
343,S13,绣球,0.09,P,Y,N,N
343,S07,染井吉野樱,0.04,P,Y,N,N
343,S09,海南龙血树,0.16,P,Y,N,N
343,S15,月季花,0.16,P,Y,N,N
343,S16,月季花,0.16,P,Y,N,N
343,S17,月季花,0.16,P,Y,N,N
343,S03,南天竹,0.0625,P,Y,N,N
343,S06,南天竹,0.09,P,Y,N,N
343,S08,南天竹,0.0625,P,Y,N,N
343,S05,皋月杜鹃,0.09,P,N,N,N
343,S11,南天竹,0.09,P,N,N,N
349,S01,海南龙血树,0.24,P,Y,N,N
350,S01,茶梅,0.25,P,N,N,N
350,S02,茶梅,0.49,P,N,N,N
350,S03,南天竹,0.36,P,N,N,N
350,S04,南天竹,0.56,P,N,N,N
